split,count,mean,std,min,25%,50%,75%,max
test,6000.0,329.7248333333333,486.4922495800481,3.0,84.0,195.0,397.25,9136.0
train,21000.0,326.62619047619046,465.099187826269,3.0,84.0,189.0,392.0,9123.0
val,3000.0,359.616,583.5460906309203,3.0,84.0,204.0,415.0,10090.0
